Type,Accuracy
Raw (ไม่ Normalize),0.062143671607753706
Normalized,0.9940136830102623
